<?xml version="1.0" ?>
<config xmlns:xsi="http://www.w3.org/2001/XMLSchema-instance" xsi:noNamespaceSchemaLocation="urn:magento:framework:Acl/etc/acl.xsd">
	<acl>
		<resources>
			<resource id="Magento_Backend::admin">
				<resource id="Request_Module::RequestForm" sortOrder="10" title="RequestForm">
					<resource id="Request_Module::RequestForm_save" sortOrder="10" title="Save RequestForm"/>
					<resource id="Request_Module::RequestForm_delete" sortOrder="20" title="Delete RequestForm"/>
					<resource id="Request_Module::RequestForm_update" sortOrder="30" title="Update RequestForm"/>
					<resource id="Request_Module::RequestForm_view" sortOrder="40" title="View RequestForm"/>
				</resource>
			</resource>
		</resources>
	</acl>
</config>
