<?xml version="1.0" ?>
<config xmlns:xsi="http://www.w3.org/2001/XMLSchema-instance" xsi:noNamespaceSchemaLocation="urn:magento:framework:ObjectManager/etc/config.xsd">
	<preference for="Request\Module\Api\RequestFormRepositoryInterface" type="Request\Module\Model\RequestFormRepository"/>
	<preference for="Request\Module\Api\Data\RequestFormInterface" type="Request\Module\Model\RequestForm"/>
	<preference for="Request\Module\Api\Data\RequestFormSearchResultsInterface" type="Magento\Framework\Api\SearchResults"/>
	<virtualType name="Request\Module\Model\ResourceModel\RequestForm\Grid\Collection" type="Magento\Framework\View\Element\UiComponent\DataProvider\SearchResult">
		<arguments>
			<argument name="mainTable" xsi:type="string">request_module_requestform</argument>
			<argument name="resourceModel" xsi:type="string">Request\Module\Model\ResourceModel\RequestForm\Collection</argument>
		</arguments>
	</virtualType>
	<type name="Magento\Framework\View\Element\UiComponent\DataProvider\CollectionFactory">
		<arguments>
			<argument name="collections" xsi:type="array">
				<item name="request_module_requestform_listing_data_source" xsi:type="string">Request\Module\Model\ResourceModel\RequestForm\Grid\Collection</item>
			</argument>
		</arguments>
	</type>
</config>
