<?xml version="1.0"?>
<config xmlns:xsi="http://www.w3.org/2001/XMLSchema-instance" xsi:noNamespaceSchemaLocation="urn:magento:framework:Acl/etc/acl.xsd">
    <acl>
        <resources>
            <resource id="Magento_Backend::admin">
                <resource id="Tirth_Module::module" title="module" sortOrder="51">
                    <resource id="Tirth_Module::faq" title="faq" sortOrder="10"/>
                    <resource id="Tirth_Module::module_configuration" title="Configuration" sortOrder="99" />
                </resource>
                <resource id="Magento_Backend::stores">
                    <resource id="Magento_Backend::stores_settings">
                        <resource id="Magento_Config::config">
                            <resource id="Tirth_Module::module_config" title="module"/>
                        </resource>
                    </resource>
                </resource>
            </resource>
        </resources>
    </acl>
</config>